gene,gene_id,snp database,chrome,coord,strand,annotation,Aasubstitution,Aaposition,exon,codon position,express_value,edit_value,
ACACB_1299,ENSG00000076555,?,12,109665188,+,Nonsyn,R/G,1299,27,1,10,10,
ACP1_106,ENSG00000143727 ,rs79716074,2,277003,+,Nonsyn,Q/R,106,6,2,10,10,
ADAR1_427,ENSG00000160710,rs2229857,1,154573967,-,Nonsyn,L/R,427,2,2,10,10,
ADAR1_100,ENSG00000160710,rs1466731,1,154574820,-,Nonsyn,R/G,100,2,3,10,10,
APOH_111,ENSG00000091583,?,17,64222153,-,Nonsyn,N/D,111,3,3,10,10,
ARFGAP2_197,ENSG00000149182,none,11,47195006,-,Nonsyn,L/P,197,7,2,10,10,
ATP1A_580,ENSG00000203865,rs77217304,1,116937809,+,Nonsyn,I/V,580,13,1,10,10,
ATXN7_264,ENSG00000163635,rs10553338,3,63967900,+,Nonsyn,K/R,264,6,2,10,10,
AURKAIP1_199,ENSG00000175756,rs111933693,1,1309185,-,Nonsyn,K/R,199,4,2,10,10,
AURKAIP1_158,ENSG00000175756,rs150194697,1,1309405,-,Nonsyn,Q/R,158,3,2,10,10,
AZIN1_367,ENSG00000155096,?,8,103841636,-,Nonsyn,S/G,367,11,3,10,10,
BEST1_583,ENSG00000167995,rs17185413,11,61730553,+,Nonsyn,S/P,583,9,1,10,10,
BLCAP_15R,ENSG00000166619,?,20,36147533,-,Nonsyn,K/R,15,2,2,10,10,
BLCAP_5,ENSG00000166619,none,20,36147563,-,Nonsyn,Q/R,5,2,2,10,10,
BLCAP_2,ENSG00000166619,rs11557677,20,36147572,-,Nonsyn,Y/C,2,2,2,10,10,
BLCAP_15E,ENSG00000166619,?,20,36147534,-,Nonsyn,K/E,15,2,3,10,10,
C1QC_14,ENSG00000159189,?,1,22970557,+,Nonsyn,K/R,14,2,2,10,10,
C1QL1_69,ENSG00000131094,?,17,43045211,-,Nonsyn,Q/R,69,1,2,10,10,
C1QL1_66,ENSG00000131094,?,17,43045220,-,Nonsyn,Q/R,66,1,2,10,10,
C1QL1_63,ENSG00000131094,?,17,43045230,-,Nonsyn,T/A,63,1,3,10,10,
CACNA1D_1597,ENSG00000157388,?,3,53820892,+,Nonsyn,I/M,1597,35,3,10,10,
CADPS_1250,ENSG00000163618,none,3,62423807,-,Nonsyn,E/G,1250,28,2,10,10,
CCNI_75,ENSG00000118816 ,?,4,77979680,-,Nonsyn,R/G,75,3,3,10,10,
CLTC_11,ENSG00000141367,?,17,57697524,+,Nonsyn,E/G,11,1,2,10,10,
COPA_164,ENSG00000122218,?,1,160302244,-,Nonsyn,I/V,164,6,3,10,10,
CPSF6_202,ENSG00000111605,?,12,69651595,+,Nonsyn,R/G,202,5,1,10,10,
CRB2_969,ENSG00000148204,rs2488601,9,126135715,-,Nonsyn,T/A,969,10,1,10,10,
CRB2_709,ENSG00000148204,rs2488602,9,126133547,-,Nonsyn,V/A,709,8,2,10,10,
CREB1_160,ENSG00000118260,?,2,208434976,+,Nonsyn,T/A,160,6,1,10,10,
CREB1_153,ENSG00000118260,?,2,208434997,+,Nonsyn,T/A,153,5,1,10,10,
CREB1_155,ENSG00000118260,?,2,208435003,+,Nonsyn,T/A,155,5,1,10,10,
CREB1_196,ENSG00000118260,?,2,208440076,+,Nonsyn,T/A,196,6,1,10,10,
CREB1_162R,ENSG00000118260,?,2,208435025,+,Nonsyn,Q/R,162,5,2,10,10,
CREB1_181,ENSG00000118260,?,2,208440032,+,Nonsyn,N/S,181,6,2,10,10,
CREB1_162Q,ENSG00000118260,?,2,208435026,+,Syn,Q/Q,162,5,3,10,10,
CTNNBL1_211,ENSG00000132792,,20,36393666,+,Nonsyn,E/G,211,6,2,10,10,
CYFIP2_320,ENSG00000055163,rs3207362,5,156736808,+,Nonsyn,K/E,320,10,2,10,10,
DACT3_298,ENSG00000197380,,19,47152737,-,Nonsyn,S/G,298,4,3,10,10,
DLG5_515,ENSG00000151208,,10,79595574,-,Nonsyn,E/G,515,8,2,10,10,
DNTTIP1_272,ENSG00000101457,,20,44439543,+,Nonsyn,E/G,272,12,2,10,10,
ENO2_274,ENSG00000111674,,12,7028883,+,Nonsyn,D/G,274,8,2,10,10,
FAH_253,ENSG00000103876,,15,80465406,+,Nonsyn,K/E,253,9,1,10,10,
FBXL6_534,ENSG00000182325,,8,145579192,-,Nonsyn,STOP/W,534,9,2,10,10,
FIS1_46,ENSG00000214253,,7,100887329,-,Nonsyn,K/R,46,2,2,10,10,
FLNA_2341,ENSG00000196924 ,rs1137967,X,153579950,-,Nonsyn,Q/R,2341,43,2,10,10,
FLNB_2324,ENSG00000136068,none,3,58141791,+,Nonsyn,M/V,2324,40,1,10,10,
FLNB_2350,ENSG00000136068,rs116826041,3,58145348,+,Nonsyn,I/T,2350,41,1,10,10,
FLNB_2037,ENSG00000136068,rs62621996,3,58134505,+,Nonsyn,K/R,2037,35,2,10,10,
GABRA3_342,ENSG00000011677 ,rs2229939,X,151358319,-,Nonsyn,I/M,342,9,1,10,10,
GANAB_353,ENSG00000089597,rs76572368,11,62397114,-,Nonsyn,M/V,353,15,3,10,10,
GLI1_660,ENSG00000111087,rs11553626,12,57864624,+,Nonsyn,R/G,660,11,1,10,10,
GLUD2_300,ENSG00000182890,none,X,120182436,+,Nonsyn,R/G,300,1,1,10,10,
GLUD2_92,ENSG00000182890,none,X,120181813,+,Nonsyn,Q/R,92,1,2,10,10,
GLUD2_374,ENSG00000182890,none,X,120182659,+,Nonsyn,V/A,374,1,2,10,10,
GLUD2_523,ENSG00000182890,none,X,120183106,+,Nonsyn,H/R,523,1,2,10,10,
GP2_100,ENSG00000169347,,16,20331702,-,Nonsyn,E/G,100,4,2,10,10,
GRIA2_764,ENSG00000120251,none,4,158281294,+,Nonsyn,R/G,764,13,1,10,10,
GRIA2_607,ENSG00000120251,rs17850674,4,158281294,+,Nonsyn,Q/R,607,11,2,10,10,
GRIA2_763,ENSG00000120251,?,4,158281293,+,Syn,L/L,763,13,3,10,10,
GRIA3_775,ENSG00000125675,none,X,122598962,+,Nonsyn,R/G,775,13,1,10,10,
GRIA3_774,ENSG00000125675,?,X,,+,Syn,L/L,774,13,1,10,10,
GRIA4_765,ENSG00000152578 ,none,11,105804694,+,Nonsyn,R/G,765,14,1,10,10,
GRIA4_764,ENSG00000152578 ,?,11,105804693,+,Syn,L/L,764,14,3,10,10,
GRIK1_902,ENSG00000171189 ,rs363504,21,30925928,-,Nonsyn,L/S,902,17,1,10,10,
Grik1_630,ENSG00000171189 ,?,21,30953767,-,Syn,G/G,630,13,1,10,10,
GRIK1_175,ENSG00000171189 ,rs363431,21,30969901,-,Nonsyn,C/R,175,2,1,10,10,
Grik1_636,ENSG00000171189 ,none,21,30953750,-,Nonsyn,Q/R,636,13,2,10,10,
Grik2_567,ENSG00000164418 ,?,6,102337689,+,Nonsyn,I/V,567,11,1,10,10,
Grik2_571,ENSG00000164418 ,none,6,102337702,+,Nonsyn,Y/C,571,11,2,10,10,
Grik2_621,ENSG00000164418 ,none,6,102372589,+,Nonsyn,Q/R,621,12,2,10,10,
GRIK2_615,ENSG00000164418 ,none,6,102372572,+,Syn,G/G,615,12,3,10,10,
GRIK5_889,ENSG00000105737,,19,42503300,-,Nonsyn,K/R,889,19,2,10,10,
GRIN3A_549,ENSG00000198785,rs75981117,9,104433048,-,Nonsyn,N/S,549,3,2,10,10,
GRM4_124,ENSG00000124493,?,6,34100903,-,Nonsyn,Q/R,124,2,2,10,10,
HLTF_337,ENSG00000071794,,3,148782634,-,Nonsyn,D/G,337,9,2,10,10,
HMCN1_5246,ENSG00000143341,none,1,186141185,+,Nonsyn,K/E,5246,102,1,10,10,
HMCN1_2893,ENSG00000143341,rs10798035,1,186050417,+,Nonsyn,E/G,2893,56,2,10,10,
HMCN1_2418,ENSG00000143341,rs12129650,1,186026474,+,Nonsyn,I/T,2418,46,3,10,10,
HTR2C_156A,ENSG00000147246,none,X,114082682,+,Nonsyn,Asite,156,6,1,10,10,
HTR2C_158E,ENSG00000147246,?,X,114082688,+,Nonsyn,Esite,158,6,1,10,10,
HTR2C_160D,ENSG00000147246,none,X,114082694,+,Nonsyn,Dsite,160,6,1,10,10,
HTR2C_158C,ENSG00000147246,?,X,114082689,+,Nonsyn,Csite,158,6,2,10,10,
HTR2C_156B,ENSG00000147246,?,X,114082684,+,Nonsyn,Bsite,156,6,3,10,10,
HTR4_371,ENSG00000164270,?,5,147862821,-,Nonsyn,Q/R,371,7,2,10,10,
IARS_514,ENSG00000196305,,9,95027370,-,Nonsyn,K/R,514,16,2,10,10,
IGFBP7_95,ENSG00000163453,rs1133243,4,57976234,-,Nonsyn,K/R,95,1,2,10,10,
IGFBP7_78,ENSG00000163453,rs11555284,4,57976286,-,Nonsyn,R/G,78,1,3,10,10,
INHBA_329,ENSG00000122641,,7,41729544,-,Nonsyn,S/G,329,3,3,10,10,
KCNA1_400,ENSG00000111262,?,12,5021742,+,Nonsyn,I/V,400,2,1,10,10,
KCNMA1_35,ENSG00000156113 ,,10,79397298,-,Nonsyn,S/G,35,1,3,10,10,
KCNQ5_424,ENSG00000185760,,6,73843194,+,Nonsyn,Q/R,424,9,2,10,10,
KIF20B_1,ENSG00000138182,rs1886996,10,91498127,-,Nonsyn,C/R,1,137,20,1,10,10
KIF20B_1179,ENSG00000138182,rs1886997,10,91498254,-,Nonsyn,N/S,1179,20,2,10,10,
KIF20B_1671,ENSG00000138182,none,10,91528069,-,Nonsyn,K/R,1671,30,2,10,10,
MED21_113,ENSG00000152944,,12,27181356,+,Nonsyn,R/G,113,4,1,10,10,
MEX3B_189,ENSG00000183496,,15,82336645,-,Nonsyn,Q/R,189,2,2,10,10,
MFN1_328,ENSG00000171109,,3,179093014,+,Nonsyn,I/V,328,10,1,10,10,
MFN1_345,ENSG00000171109,,3,179093066,+,Nonsyn,K/R,345,10,2,10,10,
MFN1_332,ENSG00000171109,,3,179093028,+,Syn,A/A,332,10,3,10,10,
MOV10_900,ENSG00000155363,,1,113242909,+,Nonsyn,Q/R,900,21,2,10,10,
MRPL28_230,ENSG00000086504,rs13226,16,417757,-,Nonsyn,Y/C,230,6,2,10,10,
NARF_258,ENSG00000141562,,17,80441045,+,Nonsyn,I/V,258,8,1,10,10,
NARF_259,ENSG00000141562,,17,80441048,+,Nonsyn,S/G,259,8,1,10,10,
NARF_265,ENSG00000141562,,17,80441066,+,Nonsyn,T/A,265,8,1,10,10,
NARF_268,ENSG00000141562,,17,80441075,+,Nonsyn,I/V,268,8,1,10,10,
NARF_257G,ENSG00000141562,,17,80441043,+,Nonsyn,E/G,257,8,2,10,10,
NARF_263,ENSG00000141562,,17,80441061,+,Nonsyn,STOP/W,263,8,2,10,10,
NARF_272,ENSG00000141562,,17,80441088,+,Nonsyn,Q/R,272,8,2,10,10,
NARF_257K,ENSG00000141562,,17,80441044,+,Syn,K/K,257,8,3,10,10,
NARF_267,ENSG00000141562,,17,80441074,+,Syn,V/V,267,8,3,10,10,
NEIL1_242R,ENSG00000140398 ,none,15,75646086,+,Nonsyn,K/R,242,6,2,10,10,
NEIL1_242K,ENSG00000140398 ,?,15,75646087,+,Syn,K/K,242,6,3,10,10,
NOP58_312,ENSG00000055044,?,2,203160425,+,Syn,A/A,312,10,3,10,10,
NOVA1_387,ENSG00000139910,none,14,26917530,-,Nonsyn,S/G,387,5,3,10,10,
NOVA1_358,ENSG00000139910,rs201148229,14,26917545,-,Nonsyn,T/A,358,4,3,10,10,
PABPC3_446,ENSG00000151846,rs78778235,13,25671672,+,Nonsyn,S/G,446,1,1,10,10,
PABPC3_172,ENSG00000151846,rs75475407,13,25670851,+,Nonsyn,Q/R,172,1,2,10,10,
PABPC3_590,ENSG00000151846,none,13,25672104,+,Nonsyn,Y/C,590,1,2,10,10,
PCP4_42,ENSG00000183036,,21,41300973,+,Syn,A/A,42,3,3,10,10,
POLDIP3_268,ENSG00000100227,-,22,42992254,-,Nonsyn,T/A,268,5,3,10,10,
PRKAR2A_295,ENSG00000114302,,3,48789722,-,Nonsyn,Q/R,295,9,2,10,10,
PTK2_84,ENSG00000169398,rs79812711,8,141900653,-,Nonsyn,T/A,84,3,3,10,10,
PTPRN2_996,ENSG00000155093,?,7,157333469,-,Nonsyn,E/G,996,23,2,10,10,
PTPRN2_231,ENSG00000155093,rs1130495,7,157959911,-,Nonsyn,S/P,231,6,3,10,10,
RARA_413,ENSG00000131759,,17,38512342,+,Nonsyn,E/G,413,8,2,10,10,
RIC3_106,ENSG00000166405,,11,8158982,-,Nonsyn,K/R,106,5,2,10,10,
RSU1_30,ENSG00000148484,rs11539866,10,16858993,-,Nonsyn,M/V,30,2,3,10,10,
SON_870,ENSG00000159140,rs11908823,21,34924145,+,Nonsyn,T/A,870,3,1,10,10,
SPSB3_238,ENSG00000162032,,16,1827756,-,Nonsyn,K/R,238,6,2,10,10,
SRP9_75,ENSG00000143742,none,1,225974645,+,Nonsyn,S/G,75,3,1,10,10,
SRP9_64,ENSG00000143742,rs1130901,1,225974614,+,Nonsyn,I/M,64,3,3,10,10,
SS18L1_128,ENSG00000184402,,20,60737813,+,Nonsyn,S/G,128,5,1,10,10,
STXBP1_404,ENSG00000136854,,9,130438182,+,Nonsyn,K/E,404,14,1,10,10,
TLN1_119,ENSG00000137076,rs11538707,9,35733402,+,Nonsyn,R/G,119,4,1,10,10,
TMEM63B_619,ENSG00000137216,none,6,44120349,+,Nonsyn,Q/R,619,20,2,10,10,
TTLL3_194,ENSG00000214021,none,3,9860259,+,Nonsyn,S/G,194,6,1,10,10,
TTYH1_427,ENSG00000167614,rs3745420,19,54946784,+,Nonsyn,T/A,427,12,3,10,10,
TUBGCP5_67,ENSG00000275835,none,15,22864519,+,Nonsyn,T/A,67,?,1,10,10,
TUBGCP5_96,ENSG00000275835,none,15,22864606,+,Nonsyn,T/A,96,?,1,10,10,
UBC_190,ENSG00000150991,rs7137123,12,125397750,-,Nonsyn,S/P,190,2,3,10,10,
UNC80_2,ENSG00000144406,,2,210835613,+,Nonsyn,S/G,2,659,23,1,10,10
UQCRHL_56,ENSG00000233954,none,1,16133978,-,Nonsyn,H/?,56,1,2,10,10,
UQCRHL_53,ENSG00000233954,RS7417535,1,16133987,-,Nonsyn,Y/?,53,1,2,10,10,
USO1_8,ENSG00000138768,,4,76703983,+,Nonsyn,K/E,8,230,2,10,10,
VWF_852,ENSG00000110799,rs216321,12,6143984,-,Nonsyn,Q/R,852,20,2,10,10,
VWF_484,ENSG00000110799,rs1800378,12,6172202,-,Nonsyn,H/R,484,13,2,10,10,
VWF_1381,ENSG00000110799,rs216311,12,6128443,-,Nonsyn,T/A,1381,21,3,10,10,
VWF_789,ENSG00000110799,rs1063856,12,6153534,-,Nonsyn,T/A,789,18,3,10,10,
ZNF397_314,ENSG00000186812,?,18,32825609,+,Nonsyn,K/E,314,4,1,10,10,
ZNF397_329,ENSG00000186812,?,18,32825654,+,Nonsyn,I/V,329,4,1,10,10,
ZNF414_65,ENSG00000133250 ,rs8100431,19,8578035,-,Nonsyn,Q/R,65,2,2,10,10,
